<root>
  <page path="/admin/admin.html">
    <usage userId="1" timestamp="1446890542471" />
  </page>
  <page path="/admin/createUser.html">
    <usage userId="1" timestamp="1446890385569" />
  </page>
  <page path="/admin/editProject.html">
    <usage userId="1" timestamp="1446890428959" />
  </page>
  <page path="/admin/editUser.html">
    <usage userId="1" timestamp="1446890419177" />
  </page>
  <page path="/allProjects.html">
    <usage userId="1" timestamp="1446890349280" />
  </page>
  <page path="/overview.html">
    <usage userId="1" timestamp="1446890328465" />
  </page>
  <page path="/profile.html">
    <usage userId="1" timestamp="1446890284615" />
  </page>
  <page path="/profile.html?tab=userGeneralSettings">
    <usage userId="1" timestamp="1446890319953" />
  </page>
  <page path="/profile.html?tab=userGroups">
    <usage userId="1" timestamp="1446890288017" />
  </page>
  <page path="/profile.html?tab=userNotifications">
    <usage userId="1" timestamp="1446890293234" />
  </page>
</root>